-- phpMyAdmin SQL Dump
-- version 4.1.6
-- http://www.phpmyadmin.net
--
-- ä¸»æ©Ÿ: 127.0.0.1
-- ç”¢ç”Ÿæ™‚é–“ï¼š 2015 å¹?01 ??08 ??14:55
-- ä¼ºæœå™¨ç‰ˆæœ¬: 5.6.16
-- PHP ç‰ˆæœ¬ï¼š 5.5.9

SET SQL_MODE = "NO_AUTO_VALUE_ON_ZERO";
SET time_zone = "+00:00";


/*!40101 SET @OLD_CHARACTER_SET_CLIENT=@@CHARACTER_SET_CLIENT */;
/*!40101 SET @OLD_CHARACTER_SET_RESULTS=@@CHARACTER_SET_RESULTS */;
/*!40101 SET @OLD_COLLATION_CONNECTION=@@COLLATION_CONNECTION */;
/*!40101 SET NAMES utf8 */;

--
-- è³‡æ–™åº«ï¼š `taolou`
--

-- --------------------------------------------------------

--
-- è³‡æ–™è¡¨çµæ§‹ `taolou_account`
--

CREATE TABLE IF NOT EXISTS `taolou_account` (
  `id` int(11) NOT NULL AUTO_INCREMENT,
  `memberId` int(11) NOT NULL,
  `email` varchar(100) COLLATE utf8_unicode_ci NOT NULL,
  `password` varchar(100) COLLATE utf8_unicode_ci NOT NULL,
  `mailValid` longtext COLLATE utf8_unicode_ci NOT NULL,
  `createDate` timestamp NOT NULL DEFAULT CURRENT_TIMESTAMP,
  PRIMARY KEY (`id`)
) ENGINE=InnoDB  DEFAULT CHARSET=utf8 COLLATE=utf8_unicode_ci AUTO_INCREMENT=23 ;

--
-- è³‡æ–™è¡¨çš„åŒ¯å‡ºè³‡æ–™ `taolou_account`
--

INSERT INTO `taolou_account` (`id`, `memberId`, `email`, `password`, `mailValid`, `createDate`) VALUES
(2, 2, 'q123wer2002@livemail.tw', 'b7d9e2e1fea3c1aa481c50a63dafde65', 'y', '2014-11-23 17:25:35'),
(4, 4, 'q123wer2002@gg.com', 'b7d9e2e1fea3c1aa481c50a63dafde65', 'y', '2014-11-27 10:01:07'),
(6, 5, 'test@test.com', 'b7d9e2e1fea3c1aa481c50a63dafde65', 'y', '2014-12-02 13:39:23'),
(7, 6, 'tony507yu@gmail.com', 'a141c47927929bc2d1fb6d336a256df4', 'y', '2014-12-24 04:43:20'),
(8, 6, 'q123wer2002@123.com', 'b7d9e2e1fea3c1aa481c50a63dafde65', 'y', '2014-12-28 09:02:20'),
(9, 7, 'q123wer2002@456.com', 'e10adc3949ba59abbe56e057f20f883e', 'y', '2014-12-28 09:12:40'),
(10, 8, 'q123wer2002@789.com', 'b7d9e2e1fea3c1aa481c50a63dafde65', 'y', '2014-12-28 09:31:01'),
(22, 19, 'q123wer2002@gmail.com', 'b7d9e2e1fea3c1aa481c50a63dafde65', 'y', '2015-01-05 10:40:59');

-- --------------------------------------------------------

--
-- è³‡æ–™è¡¨çµæ§‹ `taolou_company`
--

CREATE TABLE IF NOT EXISTS `taolou_company` (
  `id` int(11) NOT NULL AUTO_INCREMENT,
  `recommendation` varchar(1) COLLATE utf8_unicode_ci NOT NULL DEFAULT 'n',
  `companyShortName` varchar(50) COLLATE utf8_unicode_ci NOT NULL,
  `companyName` varchar(50) COLLATE utf8_unicode_ci NOT NULL,
  `CEO` varchar(50) COLLATE utf8_unicode_ci NOT NULL,
  `ceoPhoto` longtext COLLATE utf8_unicode_ci NOT NULL,
  `logo` longtext COLLATE utf8_unicode_ci NOT NULL,
  `location` varchar(50) COLLATE utf8_unicode_ci NOT NULL,
  `memberSize` varchar(50) COLLATE utf8_unicode_ci NOT NULL,
  `website` varchar(100) COLLATE utf8_unicode_ci NOT NULL,
  `companyFB` longtext COLLATE utf8_unicode_ci NOT NULL,
  `createDate` varchar(50) COLLATE utf8_unicode_ci NOT NULL,
  `detail` longtext COLLATE utf8_unicode_ci NOT NULL,
  `updateDate` timestamp NOT NULL DEFAULT CURRENT_TIMESTAMP,
  PRIMARY KEY (`id`)
) ENGINE=InnoDB  DEFAULT CHARSET=utf8 COLLATE=utf8_unicode_ci AUTO_INCREMENT=5 ;

--
-- è³‡æ–™è¡¨çš„åŒ¯å‡ºè³‡æ–™ `taolou_company`
--

INSERT INTO `taolou_company` (`id`, `recommendation`, `companyShortName`, `companyName`, `CEO`, `ceoPhoto`, `logo`, `location`, `memberSize`, `website`, `companyFB`, `createDate`, `detail`, `updateDate`) VALUES
(1, 'y', 'test', 'taoloutest', 'yenchen', 'userObject/companyObject/1/ceoPhoto.png', 'userObject/companyObject/1/CompanyPhoto.jpeg', 'å®œè˜­ç¸£/å“¡å±±é„‰/264', '200~2000äºº', 'taolou.com', 'www.facebook.com', '2014å¹´-08æœˆ', '456', '2014-12-20 09:29:47'),
(2, 'y', 'nnnnnn', 'CarryBazi', 'YYYYY', 'userObject/companyObject/2/ceoPhoto.jpeg', 'userObject/companyObject/2/CompanyPhoto.png', 'å®œè˜­ç¸£/å“¡å±±é„‰/264', '10', '4040', '', '2014å¹´-12æœˆ', '', '2014-12-18 11:57:28'),
(3, 'y', 'sunflower', 'NewCompanyTest', 'SUN', 'userObject/companyObject/3/ceoPhoto.jpeg', 'userObject/companyObject/3/CompanyPhoto.jpeg', 'æ¡ƒåœ’ç¸£/è§€éŸ³é„‰/328', '50~200äºº', 'http://sunflower', 'http://www.facebook.com/sunflower', '2008å¹´-2æœˆ', 'sunsun', '2014-12-28 10:22:04'),
(4, 'y', 'A_NCTU', 'NCTU_IIM', 'Mander', 'userObject/companyObject/4/ceoPhoto.jpeg', 'userObject/companyObject/4/CompanyPhoto.jpeg', 'æ–°ç«¹å¸‚/æ±å€/300', '2000äººä»¥ä¸Š', 'http://www.nctu.edu.tw', 'http://www.facebook.com/nctu', '1991å¹´-4æœˆ', 'A school', '2014-12-28 10:18:09');

-- --------------------------------------------------------

--
-- è³‡æ–™è¡¨çµæ§‹ `taolou_company_finance`
--

CREATE TABLE IF NOT EXISTS `taolou_company_finance` (
  `id` int(11) NOT NULL AUTO_INCREMENT,
  `companyId` int(11) NOT NULL,
  `stage` varchar(50) COLLATE utf8_unicode_ci NOT NULL,
  `date` varchar(50) COLLATE utf8_unicode_ci NOT NULL,
  `createDate` timestamp NOT NULL DEFAULT CURRENT_TIMESTAMP,
  PRIMARY KEY (`id`)
) ENGINE=InnoDB  DEFAULT CHARSET=utf8 COLLATE=utf8_unicode_ci AUTO_INCREMENT=18 ;

--
-- è³‡æ–™è¡¨çš„åŒ¯å‡ºè³‡æ–™ `taolou_company_finance`
--

INSERT INTO `taolou_company_finance` (`id`, `companyId`, `stage`, `date`, `createDate`) VALUES
(3, 1, 'Aè¼ª', '2013å¹´-2æœˆ', '2014-12-20 09:11:41'),
(8, 4, 'å·²è¢«æ”¶è³¼', '2013å¹´-3æœˆ', '2014-12-28 09:34:50'),
(17, 3, 'å°šæœªèè³‡', '2014å¹´-12æœˆ', '2014-12-28 10:22:04');

-- --------------------------------------------------------

--
-- è³‡æ–™è¡¨çµæ§‹ `taolou_company_skill`
--

CREATE TABLE IF NOT EXISTS `taolou_company_skill` (
  `id` int(11) NOT NULL AUTO_INCREMENT,
  `companyId` int(11) NOT NULL,
  `skillList` varchar(50) COLLATE utf8_unicode_ci NOT NULL,
  `updateDate` timestamp NOT NULL DEFAULT CURRENT_TIMESTAMP,
  `createDate` timestamp NOT NULL DEFAULT CURRENT_TIMESTAMP,
  PRIMARY KEY (`id`)
) ENGINE=InnoDB  DEFAULT CHARSET=utf8 COLLATE=utf8_unicode_ci AUTO_INCREMENT=5 ;

--
-- è³‡æ–™è¡¨çš„åŒ¯å‡ºè³‡æ–™ `taolou_company_skill`
--

INSERT INTO `taolou_company_skill` (`id`, `companyId`, `skillList`, `updateDate`, `createDate`) VALUES
(1, 1, '1|2|9|8', '2014-12-20 09:29:47', '2014-12-18 12:15:41'),
(2, 2, '2|3', '2014-12-18 12:15:41', '2014-12-18 12:15:41'),
(3, 3, '3|2', '2014-12-28 10:22:04', '2014-12-28 10:12:06'),
(4, 4, '2|8', '2014-12-28 10:18:09', '2014-12-28 10:12:12');

-- --------------------------------------------------------

--
-- è³‡æ–™è¡¨çµæ§‹ `taolou_job`
--

CREATE TABLE IF NOT EXISTS `taolou_job` (
  `id` int(11) NOT NULL AUTO_INCREMENT,
  `postMemberId` int(11) NOT NULL,
  `title` varchar(50) COLLATE utf8_unicode_ci NOT NULL,
  `companyId` int(11) NOT NULL,
  `jobName` varchar(50) COLLATE utf8_unicode_ci NOT NULL,
  `location` varchar(50) COLLATE utf8_unicode_ci NOT NULL,
  `jobType` varchar(50) COLLATE utf8_unicode_ci NOT NULL,
  `jobNature` varchar(50) COLLATE utf8_unicode_ci NOT NULL,
  `salary` varchar(50) COLLATE utf8_unicode_ci NOT NULL,
  `stock_option` varchar(50) COLLATE utf8_unicode_ci NOT NULL,
  `detail` longtext COLLATE utf8_unicode_ci NOT NULL,
  `status` varchar(1) COLLATE utf8_unicode_ci NOT NULL DEFAULT 'y',
  `updateDate` timestamp NOT NULL DEFAULT CURRENT_TIMESTAMP,
  `createDate` timestamp NOT NULL DEFAULT CURRENT_TIMESTAMP ON UPDATE CURRENT_TIMESTAMP,
  PRIMARY KEY (`id`)
) ENGINE=InnoDB  DEFAULT CHARSET=utf8 COLLATE=utf8_unicode_ci AUTO_INCREMENT=8 ;

--
-- è³‡æ–™è¡¨çš„åŒ¯å‡ºè³‡æ–™ `taolou_job`
--

INSERT INTO `taolou_job` (`id`, `postMemberId`, `title`, `companyId`, `jobName`, `location`, `jobType`, `jobNature`, `salary`, `stock_option`, `detail`, `status`, `updateDate`, `createDate`) VALUES
(1, 3, 'show something title', 1, 'IOSå·¥ç¨‹å¸«', 'å®œè˜­ç¸£/å“¡å±±é„‰/264', 'software', 'å…¨è·', '50000', 'y', 'wcqwc', 'y', '2014-12-22 06:15:42', '2014-12-24 04:23:48'),
(2, 4, 'show something title', 2, 'Androidå·¥ç¨‹å¸«', 'å®œè˜­ç¸£/å“¡å±±é„‰/264', 'software', 'å…¼è·', '50000', 'y', 'dwqd', 'y', '2015-01-06 13:12:51', '2015-01-06 13:12:51'),
(3, 3, 'come on join us', 1, 'android', 'æ–°åŒ—å¸‚/æ·±å‘å€/222', 'æŠ€è¡“ç›¸é—œ', 'å…¨è·', '50000', 'y', 'come on come on', 'y', '2014-12-26 06:28:54', '2014-12-26 06:28:54'),
(4, 3, 'asdasqwf', 1, 'marketing', 'å—æŠ•ç¸£/åŸ”é‡Œé®/545', 'ç‡Ÿé‹ç›¸é—œ', 'å…¼è·', '60000', 'y', '21e12e12e', 'y', '2014-12-26 06:29:35', '2014-12-26 06:29:35'),
(5, 8, 'Ido', 4, 'web develop', 'æ–°ç«¹å¸‚/æ±å€/300', 'æŠ€è¡“ç›¸é—œ', 'å…¨è·', '40000', 'y', 'come on', 'y', '2014-12-28 10:17:43', '2014-12-28 10:17:43'),
(6, 6, 'ppopopop', 3, 'marketingMan', 'å˜‰ç¾©å¸‚/è¥¿å€/600', 'ç‡Ÿé‹ç›¸é—œ', 'å…¼è·', '6000', 'y', 'join us\n\n\nqwdqwd', 'y', '2014-12-28 10:22:40', '2014-12-28 10:22:40'),
(7, 19, 'IIIIIII', 2, 'TESTNA', 'æ–°åŒ—å¸‚/çŸ³ç¢‡å€/223', 'ç”¢å“ç›¸é—œ', 'å…¼è·', '123456789', 'y', 'sadasd', 'y', '2015-01-06 13:13:19', '2015-01-06 13:13:19');

-- --------------------------------------------------------

--
-- è³‡æ–™è¡¨çµæ§‹ `taolou_member_cv`
--

CREATE TABLE IF NOT EXISTS `taolou_member_cv` (
  `id` int(11) NOT NULL AUTO_INCREMENT,
  `memberId` int(11) NOT NULL,
  `name` varchar(50) COLLATE utf8_unicode_ci NOT NULL,
  `type` varchar(50) COLLATE utf8_unicode_ci NOT NULL,
  `skill` longtext COLLATE utf8_unicode_ci NOT NULL,
  `intelligence` varchar(1) COLLATE utf8_unicode_ci NOT NULL DEFAULT 'y',
  `size` varchar(50) COLLATE utf8_unicode_ci NOT NULL,
  `src` longtext COLLATE utf8_unicode_ci NOT NULL,
  `status` varchar(5) COLLATE utf8_unicode_ci NOT NULL DEFAULT 'y',
  `createDate` timestamp NOT NULL DEFAULT CURRENT_TIMESTAMP,
  PRIMARY KEY (`id`)
) ENGINE=InnoDB  DEFAULT CHARSET=utf8 COLLATE=utf8_unicode_ci AUTO_INCREMENT=13 ;

--
-- è³‡æ–™è¡¨çš„åŒ¯å‡ºè³‡æ–™ `taolou_member_cv`
--

INSERT INTO `taolou_member_cv` (`id`, `memberId`, `name`, `type`, `skill`, `intelligence`, `size`, `src`, `status`, `createDate`) VALUES
(11, 2, 'myPaper', 'txt', '', 'n', '0.54', 'userObject/q123wer2002@livemail.tw/CV/f80582418148cdee4d76e07518a010c1.txt', 'y', '2015-01-08 09:05:47'),
(12, 2, 'æå‰è€ƒåˆ‡çµæ›¸', 'docx', '', 'y', '12.03', 'userObject/q123wer2002@livemail.tw/CV/07a8e93e4a2a398a895ad36c8fec379b.docx', 'y', '2015-01-08 10:02:17');

-- --------------------------------------------------------

--
-- è³‡æ–™è¡¨çµæ§‹ `taolou_member_detail`
--

CREATE TABLE IF NOT EXISTS `taolou_member_detail` (
  `id` int(11) NOT NULL AUTO_INCREMENT,
  `companyHr` varchar(1) COLLATE utf8_unicode_ci NOT NULL DEFAULT 'n',
  `companyId` int(11) NOT NULL,
  `companyValid` longtext COLLATE utf8_unicode_ci NOT NULL,
  `name` varchar(50) COLLATE utf8_unicode_ci NOT NULL,
  `email` varchar(100) COLLATE utf8_unicode_ci NOT NULL,
  `phone` varchar(50) COLLATE utf8_unicode_ci NOT NULL,
  `facebook` varchar(50) COLLATE utf8_unicode_ci NOT NULL,
  `google` varchar(50) COLLATE utf8_unicode_ci NOT NULL,
  `photo` longtext COLLATE utf8_unicode_ci NOT NULL,
  `born` varchar(50) COLLATE utf8_unicode_ci NOT NULL,
  `lastEducation` varchar(50) COLLATE utf8_unicode_ci NOT NULL,
  `workYears` varchar(50) COLLATE utf8_unicode_ci NOT NULL,
  `jobStatus` varchar(50) COLLATE utf8_unicode_ci NOT NULL,
  `selfIntro` longtext COLLATE utf8_unicode_ci NOT NULL,
  `messageEmail` varchar(1) COLLATE utf8_unicode_ci NOT NULL DEFAULT 'y',
  `CVupdateEmail` varchar(1) COLLATE utf8_unicode_ci NOT NULL DEFAULT 'y',
  `updateDate` timestamp NOT NULL DEFAULT CURRENT_TIMESTAMP ON UPDATE CURRENT_TIMESTAMP,
  `createDate` timestamp NOT NULL DEFAULT CURRENT_TIMESTAMP,
  PRIMARY KEY (`id`)
) ENGINE=InnoDB  DEFAULT CHARSET=utf8 COLLATE=utf8_unicode_ci AUTO_INCREMENT=20 ;

--
-- è³‡æ–™è¡¨çš„åŒ¯å‡ºè³‡æ–™ `taolou_member_detail`
--

INSERT INTO `taolou_member_detail` (`id`, `companyHr`, `companyId`, `companyValid`, `name`, `email`, `phone`, `facebook`, `google`, `photo`, `born`, `lastEducation`, `workYears`, `jobStatus`, `selfIntro`, `messageEmail`, `CVupdateEmail`, `updateDate`, `createDate`) VALUES
(2, 'n', 0, '', 'SuperSaiYeiNin', 'q123wer2002@livemail.tw', '0911400733', '', '', 'userObject/q123wer2002@livemail.tw/profilePhoto/userPhoto.jpeg', '1991', 'ç¢©å£«', '1', 'æ­£åœ¨æ‰¾å·¥ä½œ', '0231567', 'y', 'n', '2015-01-07 08:33:54', '2014-11-23 17:25:35'),
(4, 'y', 2, 'y', 'GGäºº', 'q123wer2002@gg.com', '0911400733', '', '', 'userObject/q123wer2002@gg.com/profilePhoto/userPhoto.png', '1994', 'åšå£«', '3', 'æ­£åœ¨æ‰¾å·¥ä½œ', '', 'y', 'y', '2014-12-24 04:23:42', '2014-11-27 10:01:07'),
(5, 'n', 0, '', '', 'test@test.com', '', '', '', '', '', '', '', '', '', 'y', 'y', '2014-12-12 14:36:07', '2014-12-02 13:39:23'),
(6, 'y', 3, 'y', 'POLO', 'q123wer2002@123.com', '', '', '', 'userObject/q123wer2002@123.com/profilePhoto/userPhoto.jpeg', '', '', '', '', '', 'y', 'y', '2014-12-28 10:24:50', '2014-12-28 09:02:20'),
(7, 'n', 0, '', '', 'q123wer2002@456.com', '+886911400733', '', '', '', '', '', '', '', '', 'y', 'y', '2014-12-28 09:14:02', '2014-12-28 09:12:40'),
(8, 'y', 4, 'Host', 'DannyLin,Yo', 'q123wer2002@789.com', '', '', '', 'userObject/q123wer2002@789.com/profilePhoto/userPhoto.jpeg', '', '', '', '', '', 'y', 'y', '2014-12-28 09:32:26', '2014-12-28 09:31:01'),
(19, 'y', 2, 'y', 'Lin Danny', 'q123wer2002@gmail.com', '', '', '', 'userObject/q123wer2002@gmail.com/profilePhoto/userPhoto.jpeg', '', '', '', '', '', 'y', 'y', '2015-01-06 15:17:07', '2014-12-31 07:01:35');

-- --------------------------------------------------------

--
-- è³‡æ–™è¡¨çµæ§‹ `taolou_member_education`
--

CREATE TABLE IF NOT EXISTS `taolou_member_education` (
  `id` int(11) NOT NULL AUTO_INCREMENT,
  `memberId` int(11) NOT NULL,
  `educationBG` varchar(50) COLLATE utf8_unicode_ci NOT NULL,
  `startYear` year(4) NOT NULL,
  `endYear` year(4) NOT NULL,
  `school` varchar(50) COLLATE utf8_unicode_ci NOT NULL,
  `major` varchar(50) COLLATE utf8_unicode_ci NOT NULL,
  `updateDate` timestamp NOT NULL DEFAULT CURRENT_TIMESTAMP,
  `createDate` timestamp NOT NULL DEFAULT CURRENT_TIMESTAMP,
  PRIMARY KEY (`id`)
) ENGINE=InnoDB  DEFAULT CHARSET=utf8 COLLATE=utf8_unicode_ci AUTO_INCREMENT=3 ;

--
-- è³‡æ–™è¡¨çš„åŒ¯å‡ºè³‡æ–™ `taolou_member_education`
--

INSERT INTO `taolou_member_education` (`id`, `memberId`, `educationBG`, `startYear`, `endYear`, `school`, `major`, `updateDate`, `createDate`) VALUES
(1, 2, 'ç¢©å£«', 2012, 2014, 'NCTU', 'IIM_and_IMF', '2014-12-13 16:52:01', '2014-12-05 07:16:46'),
(2, 2, 'åšå£«', 2010, 2014, 'LOLå¤§å­¸', 'è¶…ç´šè³½äºè¶…ç´šäºº', '2014-12-13 16:52:36', '2014-12-13 16:51:04');

-- --------------------------------------------------------

--
-- è³‡æ–™è¡¨çµæ§‹ `taolou_member_experience`
--

CREATE TABLE IF NOT EXISTS `taolou_member_experience` (
  `id` int(11) NOT NULL AUTO_INCREMENT,
  `memberId` int(11) NOT NULL,
  `name` varchar(50) COLLATE utf8_unicode_ci NOT NULL,
  `year` year(4) NOT NULL,
  `continueTime` varchar(50) COLLATE utf8_unicode_ci NOT NULL,
  `company` varchar(50) COLLATE utf8_unicode_ci NOT NULL,
  `role` varchar(50) COLLATE utf8_unicode_ci NOT NULL,
  `detail` longtext COLLATE utf8_unicode_ci NOT NULL,
  `updateDate` timestamp NOT NULL DEFAULT CURRENT_TIMESTAMP,
  `createDate` timestamp NOT NULL DEFAULT CURRENT_TIMESTAMP ON UPDATE CURRENT_TIMESTAMP,
  PRIMARY KEY (`id`)
) ENGINE=InnoDB  DEFAULT CHARSET=utf8 COLLATE=utf8_unicode_ci AUTO_INCREMENT=3 ;

--
-- è³‡æ–™è¡¨çš„åŒ¯å‡ºè³‡æ–™ `taolou_member_experience`
--

INSERT INTO `taolou_member_experience` (`id`, `memberId`, `name`, `year`, `continueTime`, `company`, `role`, `detail`, `updateDate`, `createDate`) VALUES
(2, 2, 'PPPPPPPPPPP', 2014, 'ä¸€å¹´ä»¥ä¸Š', 'QQQQQQQQQQQ', 'RRRRRRRRRRRRR', 'BBBBBBBBBBBBB', '2014-12-13 05:16:15', '2014-12-13 05:16:15');

-- --------------------------------------------------------

--
-- è³‡æ–™è¡¨çµæ§‹ `taolou_member_jobmanage`
--

CREATE TABLE IF NOT EXISTS `taolou_member_jobmanage` (
  `id` int(11) NOT NULL AUTO_INCREMENT,
  `memberId` int(11) NOT NULL,
  `jobId` int(11) NOT NULL,
  `cvId` int(11) NOT NULL,
  `intelligence` varchar(50) COLLATE utf8_unicode_ci NOT NULL,
  `status` varchar(50) COLLATE utf8_unicode_ci NOT NULL,
  `createDate` timestamp NOT NULL DEFAULT CURRENT_TIMESTAMP,
  PRIMARY KEY (`id`)
) ENGINE=InnoDB  DEFAULT CHARSET=utf8 COLLATE=utf8_unicode_ci AUTO_INCREMENT=13 ;

--
-- è³‡æ–™è¡¨çš„åŒ¯å‡ºè³‡æ–™ `taolou_member_jobmanage`
--

INSERT INTO `taolou_member_jobmanage` (`id`, `memberId`, `jobId`, `cvId`, `intelligence`, `status`, `createDate`) VALUES
(1, 2, 1, 0, 'y', 'wait', '2014-12-10 09:19:31'),
(2, 2, 2, 0, 'y', 'collect', '2014-12-10 09:21:58'),
(4, 2, 3, 0, 'n', '', '2014-12-26 06:31:52'),
(5, 2, 4, 0, 'n', 'wait', '2014-12-26 13:44:41'),
(6, 7, 1, 0, 'n', '', '2014-12-28 09:29:24'),
(7, 19, 2, 0, 'n', 'collect', '2015-01-05 10:48:59'),
(8, 19, 1, 0, 'n', 'collect', '2015-01-05 10:49:08'),
(12, 19, 6, 0, 'n', 'collect', '2015-01-05 11:07:46');

-- --------------------------------------------------------

--
-- è³‡æ–™è¡¨çµæ§‹ `taolou_member_message`
--

CREATE TABLE IF NOT EXISTS `taolou_member_message` (
  `id` int(11) NOT NULL AUTO_INCREMENT,
  `sendUserId` int(11) NOT NULL,
  `receiveUserId` int(11) NOT NULL,
  `message` longtext COLLATE utf8_unicode_ci NOT NULL,
  `status` varchar(10) COLLATE utf8_unicode_ci NOT NULL DEFAULT 'y',
  `createDate` timestamp NOT NULL DEFAULT CURRENT_TIMESTAMP,
  PRIMARY KEY (`id`)
) ENGINE=InnoDB  DEFAULT CHARSET=utf8 COLLATE=utf8_unicode_ci AUTO_INCREMENT=34 ;

--
-- è³‡æ–™è¡¨çš„åŒ¯å‡ºè³‡æ–™ `taolou_member_message`
--

INSERT INTO `taolou_member_message` (`id`, `sendUserId`, `receiveUserId`, `message`, `status`, `createDate`) VALUES
(1, 2, 4, 'yo', 'y', '2014-12-12 07:04:49'),
(2, 4, 2, 'good', 'y', '2014-12-12 07:04:50'),
(3, 4, 2, 'what''s up?', 'y', '2014-12-12 07:10:21'),
(5, 2, 4, 'hi,ä½ å¥½ï¼Œæˆ‘æƒ³åŠ å…¥è²´å…¬å¸ä¸€èµ·æ‰“æ‹¼', 'y', '2014-12-12 11:58:39'),
(6, 4, 2, 'è¬è¬ä½ å€‘çš„å›è¦†ï¼Œæˆ‘ç›®å‰é‚„åœ¨å°ç£è®€ç ”ç©¶æ‰€ï¼Œæˆ‘å¾ˆæ¨‚æ„ä¹Ÿå¾ˆé¡˜æ„èˆ‡ä½ å€‘å¤šèŠ æˆ‘çš„ä¿¡ç®±èˆ‡QQï¼š q123wer2002@gmail.com è¬è¬ä½ ', 'y', '2014-12-12 12:05:38'),
(7, 2, 4, 'è¬è¬ä½ ', 'y', '2014-12-12 12:41:34'),
(8, 2, 4, 'å°äº†ï¼Œé †ä¾¿å•ä¸€ä¸‹ï¼Œè²´å…¬å¸å¾ˆå²å®³å—ï¼Ÿ', 'y', '2014-12-12 12:42:32'),
(9, 2, 4, 'è¬è¬', 'y', '2014-12-12 12:55:33'),
(12, 2, 4, '123456', 'y', '2014-12-12 13:12:18'),
(13, 3, 2, 'é‚„æœ‰è¦ä¾†æˆ‘å€‘å…¬å¸å—ï¼Ÿ', 'y', '2014-12-13 03:54:11'),
(15, 3, 2, 'yoyo', 'y', '2014-12-13 05:32:08'),
(16, 2, 4, '0.0', 'y', '2014-12-13 16:51:35'),
(18, 2, 4, '093250948*', 'y', '2014-12-13 16:55:53'),
(19, 2, 4, '098850948*', 'y', '2014-12-13 16:56:10'),
(20, 2, 4, '098836782*', 'y', '2014-12-13 16:57:51'),
(21, 3, 2, 'hey', 'y', '2014-12-15 14:17:54'),
(25, 2, 6, 'hi,ä½ å¥½ï¼Œæˆ‘æƒ³è¦å¤šå¤šäº†è§£ä¸€ä¸‹æ‚¨æ‰€åˆŠç™»çš„è·ä½ã€‚è¬è¬ä½ ', 'y', '2014-12-28 11:57:24'),
(26, 19, 6, '-----system setting-----', 'n', '2015-01-05 13:24:04'),
(28, 2, 19, 'hey,æ‚¨å¥½', 'y', '2015-01-06 13:14:34'),
(29, 2, 19, 'ä½ æœ‰æ”¶åˆ°æˆ‘çš„ä¿¡å—', 'y', '2015-01-06 13:20:05'),
(30, 2, 19, '123456', 'y', '2015-01-06 13:21:13'),
(31, 2, 19, 'uouououo', 'y', '2015-01-06 13:22:13'),
(32, 2, 19, 'yo,man', 'y', '2015-01-06 13:28:47'),
(33, 19, 2, 'hi,ä½ å¥½ï¼Œæ€éº¼äº†', 'y', '2015-01-06 13:30:54');

-- --------------------------------------------------------

--
-- è³‡æ–™è¡¨çµæ§‹ `taolou_member_specialskill`
--

CREATE TABLE IF NOT EXISTS `taolou_member_specialskill` (
  `id` int(11) NOT NULL AUTO_INCREMENT,
  `memberId` int(11) NOT NULL,
  `skillList` longtext COLLATE utf8_unicode_ci NOT NULL,
  `updateDate` timestamp NOT NULL DEFAULT CURRENT_TIMESTAMP,
  `createDate` timestamp NOT NULL DEFAULT CURRENT_TIMESTAMP,
  PRIMARY KEY (`id`)
) ENGINE=InnoDB  DEFAULT CHARSET=utf8 COLLATE=utf8_unicode_ci AUTO_INCREMENT=13 ;

--
-- è³‡æ–™è¡¨çš„åŒ¯å‡ºè³‡æ–™ `taolou_member_specialskill`
--

INSERT INTO `taolou_member_specialskill` (`id`, `memberId`, `skillList`, `updateDate`, `createDate`) VALUES
(1, 1, '', '2014-11-30 13:51:13', '2014-11-30 13:51:13'),
(2, 2, '1|3|4|2', '2014-12-18 12:25:59', '2014-11-30 13:51:13'),
(3, 3, '', '2014-11-30 13:51:20', '2014-11-30 13:51:20'),
(4, 4, '', '2014-11-30 13:51:20', '2014-11-30 13:51:20'),
(5, 6, '', '2014-12-28 09:02:20', '2014-12-28 09:02:20'),
(6, 7, '', '2014-12-28 09:12:40', '2014-12-28 09:12:40'),
(12, 19, '', '2015-01-05 10:40:59', '2015-01-05 10:40:59');

-- --------------------------------------------------------

--
-- è³‡æ–™è¡¨çµæ§‹ `taolou_member_wantjob`
--

CREATE TABLE IF NOT EXISTS `taolou_member_wantjob` (
  `id` int(11) NOT NULL AUTO_INCREMENT,
  `memberId` int(11) NOT NULL,
  `name` varchar(50) COLLATE utf8_unicode_ci NOT NULL,
  `jobType` varchar(50) COLLATE utf8_unicode_ci NOT NULL,
  `leastSalary` varchar(50) COLLATE utf8_unicode_ci NOT NULL,
  `stock_option` varchar(10) COLLATE utf8_unicode_ci NOT NULL DEFAULT 'true',
  `location` varchar(50) COLLATE utf8_unicode_ci NOT NULL,
  `telework` varchar(10) COLLATE utf8_unicode_ci NOT NULL DEFAULT 'true',
  `updateDate` timestamp NOT NULL DEFAULT CURRENT_TIMESTAMP,
  `createDate` timestamp NOT NULL DEFAULT CURRENT_TIMESTAMP,
  PRIMARY KEY (`id`)
) ENGINE=InnoDB  DEFAULT CHARSET=utf8 COLLATE=utf8_unicode_ci AUTO_INCREMENT=13 ;

--
-- è³‡æ–™è¡¨çš„åŒ¯å‡ºè³‡æ–™ `taolou_member_wantjob`
--

INSERT INTO `taolou_member_wantjob` (`id`, `memberId`, `name`, `jobType`, `leastSalary`, `stock_option`, `location`, `telework`, `updateDate`, `createDate`) VALUES
(1, 4, 'iOS develop', 'true|true|true', '40000', 'true', '1', 'true', '2014-11-30 07:50:28', '2014-11-27 10:13:25'),
(2, 1, '', '', '', 'true', '', 'true', '2014-11-27 10:13:41', '2014-11-27 10:13:41'),
(3, 2, 'Android', 'true|false|false', '40000', 'true', '1|2|3|5', 'true', '2014-11-29 06:38:49', '2014-11-27 10:13:41'),
(4, 3, '', '', '', 'true', '', 'true', '2014-11-27 10:13:46', '2014-11-27 10:13:46'),
(5, 6, '', '', '', '', '', '', '2014-12-28 09:02:20', '2014-12-28 09:02:20'),
(6, 7, '', '', '', '', '', '', '2014-12-28 09:12:40', '2014-12-28 09:12:40'),
(12, 19, 'Android', 'true||', '20000', 'true', '2|4', 'true', '2015-01-06 10:24:06', '2015-01-05 10:40:59');

-- --------------------------------------------------------

--
-- è³‡æ–™è¡¨çµæ§‹ `taolou_system_class_speaicalskill`
--

CREATE TABLE IF NOT EXISTS `taolou_system_class_speaicalskill` (
  `id` int(11) NOT NULL AUTO_INCREMENT,
  `className` varchar(50) COLLATE utf8_unicode_ci NOT NULL,
  `status` varchar(1) COLLATE utf8_unicode_ci NOT NULL DEFAULT 'y',
  `createDate` timestamp NOT NULL DEFAULT CURRENT_TIMESTAMP,
  PRIMARY KEY (`id`)
) ENGINE=InnoDB DEFAULT CHARSET=utf8 COLLATE=utf8_unicode_ci AUTO_INCREMENT=1 ;

-- --------------------------------------------------------

--
-- è³‡æ–™è¡¨çµæ§‹ `taolou_system_companyskill`
--

CREATE TABLE IF NOT EXISTS `taolou_system_companyskill` (
  `id` int(11) NOT NULL AUTO_INCREMENT,
  `skillName` varchar(50) COLLATE utf8_unicode_ci NOT NULL,
  `status` varchar(10) COLLATE utf8_unicode_ci NOT NULL DEFAULT 'y',
  `createDate` timestamp NOT NULL DEFAULT CURRENT_TIMESTAMP,
  PRIMARY KEY (`id`)
) ENGINE=InnoDB  DEFAULT CHARSET=utf8 COLLATE=utf8_unicode_ci AUTO_INCREMENT=10 ;

--
-- è³‡æ–™è¡¨çš„åŒ¯å‡ºè³‡æ–™ `taolou_system_companyskill`
--

INSERT INTO `taolou_system_companyskill` (`id`, `skillName`, `status`, `createDate`) VALUES
(1, 'æœå°‹', 'y', '2014-12-18 12:03:36'),
(2, 'ç¤¾äº¤ç¶²è·¯', 'y', '2014-12-18 12:03:36'),
(3, 'ç§»å‹•äº’è¯ç¶²', 'y', '2014-12-18 12:03:57'),
(4, 'é›»å­å•†å‹™', 'y', '2014-12-18 12:03:57'),
(5, 'éŠæˆ²', 'y', '2014-12-18 12:04:09'),
(6, 'é†«ç™‚å¥åº·', 'y', '2014-12-18 12:04:09'),
(7, 'æ‹›è˜', 'y', '2014-12-18 12:04:29'),
(8, 'æ•™è‚²', 'y', '2014-12-18 12:04:29'),
(9, 'æ™ºæ…§å‹æ‰‹æ©Ÿ', 'y', '2014-12-20 08:23:35');

-- --------------------------------------------------------

--
-- è³‡æ–™è¡¨çµæ§‹ `taolou_system_jobtype`
--

CREATE TABLE IF NOT EXISTS `taolou_system_jobtype` (
  `id` int(11) NOT NULL AUTO_INCREMENT,
  `typeName` varchar(50) COLLATE utf8_unicode_ci NOT NULL,
  `status` varchar(1) COLLATE utf8_unicode_ci NOT NULL,
  `createDate` timestamp NOT NULL DEFAULT CURRENT_TIMESTAMP,
  PRIMARY KEY (`id`)
) ENGINE=InnoDB  DEFAULT CHARSET=utf8 COLLATE=utf8_unicode_ci AUTO_INCREMENT=7 ;

--
-- è³‡æ–™è¡¨çš„åŒ¯å‡ºè³‡æ–™ `taolou_system_jobtype`
--

INSERT INTO `taolou_system_jobtype` (`id`, `typeName`, `status`, `createDate`) VALUES
(1, 'æŠ€è¡“ç›¸é—œ', 'y', '2014-12-15 15:31:06'),
(2, 'ç”¢å“ç›¸é—œ', 'y', '2014-12-15 15:31:06'),
(3, 'ç‡Ÿé‹ç›¸é—œ', 'y', '2014-12-15 15:31:22'),
(4, 'è¨­è¨ˆç›¸é—œ', 'y', '2014-12-15 15:31:22'),
(5, 'å¸‚å ´/éŠ·å”®ç›¸é—œ', 'y', '2014-12-15 15:31:58'),
(6, 'è·èƒ½ç›¸é—œ', 'y', '2014-12-15 15:31:58');

-- --------------------------------------------------------

--
-- è³‡æ–™è¡¨çµæ§‹ `taolou_system_location`
--

CREATE TABLE IF NOT EXISTS `taolou_system_location` (
  `id` int(11) NOT NULL AUTO_INCREMENT,
  `location` varchar(50) COLLATE utf8_unicode_ci NOT NULL,
  `status` varchar(1) COLLATE utf8_unicode_ci NOT NULL DEFAULT 'y',
  `createDate` timestamp NOT NULL DEFAULT CURRENT_TIMESTAMP,
  PRIMARY KEY (`id`)
) ENGINE=InnoDB  DEFAULT CHARSET=utf8 COLLATE=utf8_unicode_ci AUTO_INCREMENT=8 ;

--
-- è³‡æ–™è¡¨çš„åŒ¯å‡ºè³‡æ–™ `taolou_system_location`
--

INSERT INTO `taolou_system_location` (`id`, `location`, `status`, `createDate`) VALUES
(1, 'å°åŒ—', 'y', '2014-11-28 05:50:00'),
(2, 'æ¡ƒåœ’', 'y', '2014-11-28 05:50:09'),
(3, 'æ–°ç«¹', 'y', '2014-11-28 05:50:09'),
(4, 'é«˜é›„', 'y', '2014-11-28 08:13:35'),
(5, 'æ–°åŒ—', 'y', '2014-11-28 08:14:32'),
(6, 'ä¸­åœ‹å¤§é™¸', 'y', '2014-11-28 08:27:42'),
(7, 'å°ç£å…¨åœ°å€', 'y', '2014-11-28 08:30:58');

-- --------------------------------------------------------

--
-- è³‡æ–™è¡¨çµæ§‹ `taolou_system_specialskill`
--

CREATE TABLE IF NOT EXISTS `taolou_system_specialskill` (
  `id` int(11) NOT NULL AUTO_INCREMENT,
  `classId` int(11) NOT NULL,
  `skill` varchar(50) COLLATE utf8_unicode_ci NOT NULL,
  `status` varchar(1) COLLATE utf8_unicode_ci NOT NULL DEFAULT 'y',
  `createDate` timestamp NOT NULL DEFAULT CURRENT_TIMESTAMP,
  PRIMARY KEY (`id`)
) ENGINE=InnoDB  DEFAULT CHARSET=utf8 COLLATE=utf8_unicode_ci AUTO_INCREMENT=5 ;

--
-- è³‡æ–™è¡¨çš„åŒ¯å‡ºè³‡æ–™ `taolou_system_specialskill`
--

INSERT INTO `taolou_system_specialskill` (`id`, `classId`, `skill`, `status`, `createDate`) VALUES
(1, 0, 'PHP', 'y', '2014-12-05 07:06:43'),
(2, 0, 'MySQL', 'y', '2014-12-05 07:06:48'),
(3, 0, 'AngularJS', 'y', '2014-12-05 07:06:55'),
(4, 0, 'AVALON', 'y', '2014-12-13 16:50:10');

-- --------------------------------------------------------

--
-- è³‡æ–™è¡¨çµæ§‹ `taolou_system_topic_company`
--

CREATE TABLE IF NOT EXISTS `taolou_system_topic_company` (
  `id` int(11) NOT NULL AUTO_INCREMENT,
  `topicName` varchar(50) COLLATE utf8_unicode_ci NOT NULL,
  `topicDetail` longtext COLLATE utf8_unicode_ci NOT NULL,
  `topicPhoto` longtext COLLATE utf8_unicode_ci NOT NULL,
  `topicURL` longtext COLLATE utf8_unicode_ci NOT NULL,
  `topicStartTime` date NOT NULL,
  `topicEndTime` date NOT NULL,
  `topicStatus` varchar(5) COLLATE utf8_unicode_ci NOT NULL DEFAULT 'y',
  `topicCreatDate` timestamp NOT NULL DEFAULT CURRENT_TIMESTAMP ON UPDATE CURRENT_TIMESTAMP,
  PRIMARY KEY (`id`)
) ENGINE=InnoDB  DEFAULT CHARSET=utf8 COLLATE=utf8_unicode_ci AUTO_INCREMENT=3 ;

--
-- è³‡æ–™è¡¨çš„åŒ¯å‡ºè³‡æ–™ `taolou_system_topic_company`
--

INSERT INTO `taolou_system_topic_company` (`id`, `topicName`, `topicDetail`, `topicPhoto`, `topicURL`, `topicStartTime`, `topicEndTime`, `topicStatus`, `topicCreatDate`) VALUES
(1, 'ç¬¬äºŒå±†ç¨‹åºå¤§æœƒï¼šä¸€åˆ‡åªç‚ºäº†æ”¹è®Š', 'å“ªä¸Šç­è”åˆå¾®è½¯åˆ›æŠ•åŠ é€Ÿå™¨ï¼Œä¸ºæ‚¨å¸¦æ¥ç¬¬5æœŸåˆåˆ›å›¢é˜Ÿï¼è¿™äº›å›¢é˜Ÿè¿‡å…³æ–©å°†ï¼Œæ‰“è´¥äº†è¿‘ 700 å®¶ç«äº‰å›¢é˜Ÿï¼Œæœ€ç»ˆè·å¾—äº†ä»…æœ‰çš„ 19 ä¸ªå¾®è½¯åˆ›æŠ•åŠ é€Ÿå™¨å¸­ä½ã€‚ä»–ä»¬çš„åˆ›ä¸šæ–¹å‘æ¶µç›–äº†åŠ é€Ÿåº”ç”¨å¼€å‘çš„ä¸€ç«™å¼äº‘æœåŠ¡ã€ä¸“æ³¨æ¯å©´å¥åº·çš„æ™ºèƒ½æ•°æ®åŒ»ç–—æœåŠ¡ã€æ±½è½¦è¿œç¨‹è¯Šæ–­åŠæ•°æ®åˆ†ææœåŠ¡ã€æŸ”æ€§å¯ç©¿æˆ´äº§å“çš„ç ”å‘ä¸è®¾è®¡æœåŠ¡ç­‰å¤šä¸ªé¢†åŸŸã€‚', 'images/topic/alibaba.jpg', '', '2015-01-01', '2015-01-10', 'y', '2015-01-08 10:44:35'),
(2, 'æ–°åŠ å…¥å…¬å¸', 'å…¬å¸æ–°åŠ å…¥é ­è·¯ç¶²ï¼Œè¶•ç·Šä¾†ç§ç§', 'images/topic/microsoft-ventures-v4.jpg', 'topicCompany.php?action=newCompanies', '2015-01-01', '2015-03-31', 'y', '2015-01-08 11:24:00');

/*!40101 SET CHARACTER_SET_CLIENT=@OLD_CHARACTER_SET_CLIENT */;
/*!40101 SET CHARACTER_SET_RESULTS=@OLD_CHARACTER_SET_RESULTS */;
/*!40101 SET COLLATION_CONNECTION=@OLD_COLLATION_CONNECTION */;
